a2679496cd0af9779a92a13ff7c6af5c81ea8c7b,SOAAVUV12AB0186646,3
a2679496cd0af9779a92a13ff7c6af5c81ea8c7b,SOABJBU12A8C13F63F,4
a2679496cd0af9779a92a13ff7c6af5c81ea8c7b,SOADJQJ12A8C141D38,21
a2679496cd0af9779a92a13ff7c6af5c81ea8c7b,SOADQPP12A67020C82,3
a2679496cd0af9779a92a13ff7c6af5c81ea8c7b,SOAFTRR12AF72A8D4D,12
a2679496cd0af9779a92a13ff7c6af5c81ea8c7b,SOAGSYE12A58A7A5A7,1
a2679496cd0af9779a92a13ff7c6af5c81ea8c7b,SOAJWAC12AB018350F,4
a2679496cd0af9779a92a13ff7c6af5c81ea8c7b,SOAJXWO12A8C1436D0,26
a2679496cd0af9779a92a13ff7c6af5c81ea8c7b,SOAKCNU12A8C135445,3
a2679496cd0af9779a92a13ff7c6af5c81ea8c7b,SOAKMDU12A8C1346A9,37
a2679496cd0af9779a92a13ff7c6af5c81ea8c7b,SOAKPQJ12A8C13D812,2
a2679496cd0af9779a92a13ff7c6af5c81ea8c7b,SOALDLA12A6D4F8657,16
a2679496cd0af9779a92a13ff7c6af5c81ea8c7b,SOAMXAY12A6D4F8B8A,3
a2679496cd0af9779a92a13ff7c6af5c81ea8c7b,SOANQFY12AB0183239,12
a2679496cd0af9779a92a13ff7c6af5c81ea8c7b,SOAQSZE12A8C145278,1
a2679496cd0af9779a92a13ff7c6af5c81ea8c7b,SOARUPP12AB01842E0,5
a2679496cd0af9779a92a13ff7c6af5c81ea8c7b,SOASWPB12A6D4F6835,6
a2679496cd0af9779a92a13ff7c6af5c81ea8c7b,SOASXQD12AB018902F,16
a2679496cd0af9779a92a13ff7c6af5c81ea8c7b,SOAUFOF12AB0180C65,3
a2679496cd0af9779a92a13ff7c6af5c81ea8c7b,SOAUWYT12A81C206F1,68
a2679496cd0af9779a92a13ff7c6af5c81ea8c7b,SOAVIJW12AB018269B,3
a2679496cd0af9779a92a13ff7c6af5c81ea8c7b,SOAVJBU12AAF3B370C,2
a2679496cd0af9779a92a13ff7c6af5c81ea8c7b,SOAXGDH12A8C13F8A1,26
a2679496cd0af9779a92a13ff7c6af5c81ea8c7b,SOAXJOU12A6D4F6685,5
a2679496cd0af9779a92a13ff7c6af5c81ea8c7b,SOAZVLB12A6D4FCC2D,25
a2679496cd0af9779a92a13ff7c6af5c81ea8c7b,SOBABRB12A6701DF4B,13
a2679496cd0af9779a92a13ff7c6af5c81ea8c7b,SOBADEB12AB018275F,10
a2679496cd0af9779a92a13ff7c6af5c81ea8c7b,SOBFRNE12A6D4F7995,44
a2679496cd0af9779a92a13ff7c6af5c81ea8c7b,SOBGBUO12AF72A3513,21
a2679496cd0af9779a92a13ff7c6af5c81ea8c7b,SOBGYAI12AF72AA7C0,23
a2679496cd0af9779a92a13ff7c6af5c81ea8c7b,SOBHNWV12AB0184DEE,8
a2679496cd0af9779a92a13ff7c6af5c81ea8c7b,SOBIMTY12A6D4F931F,4
a2679496cd0af9779a92a13ff7c6af5c81ea8c7b,SOBJCFV12A8AE469EE,4
a2679496cd0af9779a92a13ff7c6af5c81ea8c7b,SOBJOSC12A8C137A74,3
a2679496cd0af9779a92a13ff7c6af5c81ea8c7b,SOBOAFP12A8C131F36,38
a2679496cd0af9779a92a13ff7c6af5c81ea8c7b,SOBONKR12A58A7A7E0,39
a2679496cd0af9779a92a13ff7c6af5c81ea8c7b,SOBOUPA12A6D4F81F1,36
a2679496cd0af9779a92a13ff7c6af5c81ea8c7b,SOBPJQW12A8C13B943,6
a2679496cd0af9779a92a13ff7c6af5c81ea8c7b,SOBPKPW12A6701E8F9,3
a2679496cd0af9779a92a13ff7c6af5c81ea8c7b,SOBRHVR12A8C133F35,42
a2679496cd0af9779a92a13ff7c6af5c81ea8c7b,SOBTMZN12A67ADEACD,38
a2679496cd0af9779a92a13ff7c6af5c81ea8c7b,SOBUBLL12A58A795A8,5
a2679496cd0af9779a92a13ff7c6af5c81ea8c7b,SOBUIMO12A8C135D69,2
a2679496cd0af9779a92a13ff7c6af5c81ea8c7b,SOBWSGV12AB018B5E0,3
a2679496cd0af9779a92a13ff7c6af5c81ea8c7b,SOBXMDA12AB0181712,25
a2679496cd0af9779a92a13ff7c6af5c81ea8c7b,SOBZBQR12A67ADA92F,3
a2679496cd0af9779a92a13ff7c6af5c81ea8c7b,SOBZZDU12A6310D8A3,7
a2679496cd0af9779a92a13ff7c6af5c81ea8c7b,SOCAHRT12A8C13A1A4,3
a2679496cd0af9779a92a13ff7c6af5c81ea8c7b,SOCBEGS12A6D4F34CB,14
a2679496cd0af9779a92a13ff7c6af5c81ea8c7b,SOCBFGT12AB018374D,2
a2679496cd0af9779a92a13ff7c6af5c81ea8c7b,SOCBMFC12A6701D7BA,17
a2679496cd0af9779a92a13ff7c6af5c81ea8c7b,SOCCYYG12AB0184DE8,14
a2679496cd0af9779a92a13ff7c6af5c81ea8c7b,SOCEGJM12A8AE481D3,7
a2679496cd0af9779a92a13ff7c6af5c81ea8c7b,SOCEUAA12A8C140A84,2
a2679496cd0af9779a92a13ff7c6af5c81ea8c7b,SOCHPLU12A8C13462D,5
a2679496cd0af9779a92a13ff7c6af5c81ea8c7b,SOCHTHF12AB017E206,9
a2679496cd0af9779a92a13ff7c6af5c81ea8c7b,SOCHXEH12A8C1425D2,11
a2679496cd0af9779a92a13ff7c6af5c81ea8c7b,SOCHYVZ12A6D4F5908,7
a2679496cd0af9779a92a13ff7c6af5c81ea8c7b,SOCKSGZ12A58A7CA4B,18
a2679496cd0af9779a92a13ff7c6af5c81ea8c7b,SOCLMAD12AB017FC09,4
a2679496cd0af9779a92a13ff7c6af5c81ea8c7b,SOCMHES12AB0186FCF,7
a2679496cd0af9779a92a13ff7c6af5c81ea8c7b,SOCNAXF12A6D4F9B34,4
a2679496cd0af9779a92a13ff7c6af5c81ea8c7b,SOCNLEI12A67021565,1
a2679496cd0af9779a92a13ff7c6af5c81ea8c7b,SOCPSOQ12A8C13A038,6
a2679496cd0af9779a92a13ff7c6af5c81ea8c7b,SOCQOZB12AB0185685,63
a2679496cd0af9779a92a13ff7c6af5c81ea8c7b,SOCUUSX12AB0183693,56
a2679496cd0af9779a92a13ff7c6af5c81ea8c7b,SOCVDDD12AB017E85A,2
a2679496cd0af9779a92a13ff7c6af5c81ea8c7b,SOCVTLJ12A6310F0FD,16
a2679496cd0af9779a92a13ff7c6af5c81ea8c7b,SOCXCTS12AC468A380,3
a2679496cd0af9779a92a13ff7c6af5c81ea8c7b,SOCYOTN12A8C13A4B1,3
a2679496cd0af9779a92a13ff7c6af5c81ea8c7b,SODABLD12A6D4F8B3C,7
a2679496cd0af9779a92a13ff7c6af5c81ea8c7b,SODACBL12A8C13C273,2
a2679496cd0af9779a92a13ff7c6af5c81ea8c7b,SODCADR12AF72A1A99,4
a2679496cd0af9779a92a13ff7c6af5c81ea8c7b,SODCLQR12A67AE110D,9
a2679496cd0af9779a92a13ff7c6af5c81ea8c7b,SODCNJX12A6D4F93CB,48
a2679496cd0af9779a92a13ff7c6af5c81ea8c7b,SODEAWL12AB0187032,6
a2679496cd0af9779a92a13ff7c6af5c81ea8c7b,SODFNPU12A8C139974,6
a2679496cd0af9779a92a13ff7c6af5c81ea8c7b,SODGJKH12AAA8C9487,11
a2679496cd0af9779a92a13ff7c6af5c81ea8c7b,SODGVGW12AC9075A8D,29
a2679496cd0af9779a92a13ff7c6af5c81ea8c7b,SODHYBH12A8C138A20,2
a2679496cd0af9779a92a13ff7c6af5c81ea8c7b,SODHYGM12A8C141EAD,8
a2679496cd0af9779a92a13ff7c6af5c81ea8c7b,SODJDHK12AB0181540,2
a2679496cd0af9779a92a13ff7c6af5c81ea8c7b,SODJWHY12A8C142CCE,19
a2679496cd0af9779a92a13ff7c6af5c81ea8c7b,SODKHFC12AF72A8AAB,1
a2679496cd0af9779a92a13ff7c6af5c81ea8c7b,SODLAPJ12A8C142002,4
a2679496cd0af9779a92a13ff7c6af5c81ea8c7b,SODLJQF12AB018CC92,2
a2679496cd0af9779a92a13ff7c6af5c81ea8c7b,SODLLYS12A8C13A96B,44
a2679496cd0af9779a92a13ff7c6af5c81ea8c7b,SODOWUC12AC9097E76,14
a2679496cd0af9779a92a13ff7c6af5c81ea8c7b,SODQBES12AAFF4444C,13
a2679496cd0af9779a92a13ff7c6af5c81ea8c7b,SODTHOY12AC9071AE7,3
a2679496cd0af9779a92a13ff7c6af5c81ea8c7b,SODUGQV12AF72A6803,6
a2679496cd0af9779a92a13ff7c6af5c81ea8c7b,SODWXJW12AAA8C5C29,9
a2679496cd0af9779a92a13ff7c6af5c81ea8c7b,SODYCOO12A58A7955E,2
a2679496cd0af9779a92a13ff7c6af5c81ea8c7b,SODYXRN12A6D4FADE0,1
a2679496cd0af9779a92a13ff7c6af5c81ea8c7b,SODYZVS12A6D4F5E46,2
a2679496cd0af9779a92a13ff7c6af5c81ea8c7b,SODZGAQ12AB0185105,3
a2679496cd0af9779a92a13ff7c6af5c81ea8c7b,SODZVMN12AC3DF81C6,4
a2679496cd0af9779a92a13ff7c6af5c81ea8c7b,SODZYMB12AF72A0512,3
a2679496cd0af9779a92a13ff7c6af5c81ea8c7b,SOEAVMU12AB017E234,1
a2679496cd0af9779a92a13ff7c6af5c81ea8c7b,SOEBAVL12A6D4F58CE,6
a2679496cd0af9779a92a13ff7c6af5c81ea8c7b,SOEBOWM12AB017F279,10
a2679496cd0af9779a92a13ff7c6af5c81ea8c7b,SOEDAHV12AB018E05E,11
a2679496cd0af9779a92a13ff7c6af5c81ea8c7b,SOEEAFZ12AB0182E95,5
a2679496cd0af9779a92a13ff7c6af5c81ea8c7b,SOEGIYH12A6D4FC0E3,88
a2679496cd0af9779a92a13ff7c6af5c81ea8c7b,SOEHLKV12A582915A8,35
a2679496cd0af9779a92a13ff7c6af5c81ea8c7b,SOEHWGF12A6D4F8B2B,9
a2679496cd0af9779a92a13ff7c6af5c81ea8c7b,SOEJEEH12A8C134658,4
a2679496cd0af9779a92a13ff7c6af5c81ea8c7b,SOEKSGJ12A67AE227E,3
a2679496cd0af9779a92a13ff7c6af5c81ea8c7b,SOEMALD12A58A76F72,1
a2679496cd0af9779a92a13ff7c6af5c81ea8c7b,SOEMIJG12A8C140BE1,12
a2679496cd0af9779a92a13ff7c6af5c81ea8c7b,SOEPWYH12AF72A4813,1
a2679496cd0af9779a92a13ff7c6af5c81ea8c7b,SOEPZQS12A8C1436C7,7
a2679496cd0af9779a92a13ff7c6af5c81ea8c7b,SOEQJBS12A8AE475A4,8
a2679496cd0af9779a92a13ff7c6af5c81ea8c7b,SOERCVO12A8C1425DF,15
a2679496cd0af9779a92a13ff7c6af5c81ea8c7b,SOERYLG12A6701F07F,5
a2679496cd0af9779a92a13ff7c6af5c81ea8c7b,SOETQJP12A6D4F6731,3
a2679496cd0af9779a92a13ff7c6af5c81ea8c7b,SOEVRNA12A8AE4737E,2
a2679496cd0af9779a92a13ff7c6af5c81ea8c7b,SOEYVHS12AB0181D31,13
a2679496cd0af9779a92a13ff7c6af5c81ea8c7b,SOFDJSB12AB0183B5B,1
a2679496cd0af9779a92a13ff7c6af5c81ea8c7b,SOFEGST12A58A7D682,3
a2679496cd0af9779a92a13ff7c6af5c81ea8c7b,SOFFGMI12AB017E82C,35
a2679496cd0af9779a92a13ff7c6af5c81ea8c7b,SOFGJCW12AF72A812D,4
a2679496cd0af9779a92a13ff7c6af5c81ea8c7b,SOFGPQV12A8C142217,30
a2679496cd0af9779a92a13ff7c6af5c81ea8c7b,SOFKABN12A8AE476C6,14
a2679496cd0af9779a92a13ff7c6af5c81ea8c7b,SOFKEDR12A8C13D381,2
a2679496cd0af9779a92a13ff7c6af5c81ea8c7b,SOFKEQZ12AB018A996,2
a2679496cd0af9779a92a13ff7c6af5c81ea8c7b,SOFKFXC12AC90732A5,6
a2679496cd0af9779a92a13ff7c6af5c81ea8c7b,SOFKYDZ12AB017F425,21
a2679496cd0af9779a92a13ff7c6af5c81ea8c7b,SOFLJQZ12A6D4FADA6,43
a2679496cd0af9779a92a13ff7c6af5c81ea8c7b,SOFLOUP12A58A78897,13
a2679496cd0af9779a92a13ff7c6af5c81ea8c7b,SOFPXFY12A6701C5C3,4
a2679496cd0af9779a92a13ff7c6af5c81ea8c7b,SOFPZCI12A58A7CF79,6
a2679496cd0af9779a92a13ff7c6af5c81ea8c7b,SOFRAPE12A8C132C03,2
a2679496cd0af9779a92a13ff7c6af5c81ea8c7b,SOFRCGW12A81C21EA6,6
a2679496cd0af9779a92a13ff7c6af5c81ea8c7b,SOFRQTD12A81C233C0,38
a2679496cd0af9779a92a13ff7c6af5c81ea8c7b,SOFRVNS12A6701D924,4
a2679496cd0af9779a92a13ff7c6af5c81ea8c7b,SOFSPAT12A8C145F53,1
a2679496cd0af9779a92a13ff7c6af5c81ea8c7b,SOFUDDZ12AB0187827,45
a2679496cd0af9779a92a13ff7c6af5c81ea8c7b,SOFUUEH12AB0185F34,7
a2679496cd0af9779a92a13ff7c6af5c81ea8c7b,SOFVZRE12A8C139783,5
a2679496cd0af9779a92a13ff7c6af5c81ea8c7b,SOGBKFC12AB01843FC,4
a2679496cd0af9779a92a13ff7c6af5c81ea8c7b,SOGCWUH12AC90732B0,29
a2679496cd0af9779a92a13ff7c6af5c81ea8c7b,SOGDDKR12A6701E8FA,1
a2679496cd0af9779a92a13ff7c6af5c81ea8c7b,SOGDFMH12A8C138511,74
a2679496cd0af9779a92a13ff7c6af5c81ea8c7b,SOGDZSB12AB017CC29,6
a2679496cd0af9779a92a13ff7c6af5c81ea8c7b,SOGGPBF12A8C13533E,4
a2679496cd0af9779a92a13ff7c6af5c81ea8c7b,SOGIDHJ12AB01800D1,2
a2679496cd0af9779a92a13ff7c6af5c81ea8c7b,SOGKGDF12AF72A5DD6,2
a2679496cd0af9779a92a13ff7c6af5c81ea8c7b,SOGKGLB12A81C22AFA,18
a2679496cd0af9779a92a13ff7c6af5c81ea8c7b,SOGLWGG12A6D4F8046,1
a2679496cd0af9779a92a13ff7c6af5c81ea8c7b,SOGOKIA12A8C13E9BA,4
a2679496cd0af9779a92a13ff7c6af5c81ea8c7b,SOGPBAW12A6D4F9F22,14
a2679496cd0af9779a92a13ff7c6af5c81ea8c7b,SOGPNGN12A8C143969,7
a2679496cd0af9779a92a13ff7c6af5c81ea8c7b,SOGQANL12A6701E099,1
a2679496cd0af9779a92a13ff7c6af5c81ea8c7b,SOGRAGZ12A58A7ABEE,2
a2679496cd0af9779a92a13ff7c6af5c81ea8c7b,SOGSAYQ12AB018BA14,36
a2679496cd0af9779a92a13ff7c6af5c81ea8c7b,SOGTDJQ12A8C13324F,7
a2679496cd0af9779a92a13ff7c6af5c81ea8c7b,SOGTQNI12AB0184A5C,9
a2679496cd0af9779a92a13ff7c6af5c81ea8c7b,SOGTXWE12AC4687F2D,1
a2679496cd0af9779a92a13ff7c6af5c81ea8c7b,SOGUUQH12A8C1427D6,18
a2679496cd0af9779a92a13ff7c6af5c81ea8c7b,SOGVKXX12A67ADA0B8,5
a2679496cd0af9779a92a13ff7c6af5c81ea8c7b,SOGWJEY12AC9618862,24
a2679496cd0af9779a92a13ff7c6af5c81ea8c7b,SOGZCOB12A8C14280E,1
a2679496cd0af9779a92a13ff7c6af5c81ea8c7b,SOHEMBB12A6701E907,5
a2679496cd0af9779a92a13ff7c6af5c81ea8c7b,SOHFJAQ12AB017E4AF,37
a2679496cd0af9779a92a13ff7c6af5c81ea8c7b,SOHFNKO12AB017C772,3
a2679496cd0af9779a92a13ff7c6af5c81ea8c7b,SOHGWFC12AB017F2E7,35
a2679496cd0af9779a92a13ff7c6af5c81ea8c7b,SOHHORU12A8C136B28,5
a2679496cd0af9779a92a13ff7c6af5c81ea8c7b,SOHHOSA12A6D4FD28F,4
a2679496cd0af9779a92a13ff7c6af5c81ea8c7b,SOHJJPF12A8C142DE7,1
a2679496cd0af9779a92a13ff7c6af5c81ea8c7b,SOHJOLH12A6310DFE5,3
a2679496cd0af9779a92a13ff7c6af5c81ea8c7b,SOHKJWA12A67AD8700,2
a2679496cd0af9779a92a13ff7c6af5c81ea8c7b,SOHPGPA12A6D4F6B2D,1
a2679496cd0af9779a92a13ff7c6af5c81ea8c7b,SOHPSDU12A8C141BEC,7
a2679496cd0af9779a92a13ff7c6af5c81ea8c7b,SOHQGIA12A8C1425E3,5
a2679496cd0af9779a92a13ff7c6af5c81ea8c7b,SOHQQLV12AF72A4DD7,11
a2679496cd0af9779a92a13ff7c6af5c81ea8c7b,SOHRQFL12A6D4F3C8A,3
a2679496cd0af9779a92a13ff7c6af5c81ea8c7b,SOHSVHZ12AB018DE8A,2
a2679496cd0af9779a92a13ff7c6af5c81ea8c7b,SOHTCVN12A8C134E46,11
a2679496cd0af9779a92a13ff7c6af5c81ea8c7b,SOHTKMO12AB01843B0,38
a2679496cd0af9779a92a13ff7c6af5c81ea8c7b,SOHVJZO12AAF3B228F,3
a2679496cd0af9779a92a13ff7c6af5c81ea8c7b,SOHWBGO12A6D4FA87A,3
a2679496cd0af9779a92a13ff7c6af5c81ea8c7b,SOHXSEH12A67020A2D,2
a2679496cd0af9779a92a13ff7c6af5c81ea8c7b,SOHYHJB12A6D4FD29F,4
a2679496cd0af9779a92a13ff7c6af5c81ea8c7b,SOHYPJR12A8C137A94,10
a2679496cd0af9779a92a13ff7c6af5c81ea8c7b,SOHYSXA12AB0186704,9
a2679496cd0af9779a92a13ff7c6af5c81ea8c7b,SOHZPIK12A58A7CCAE,6
a2679496cd0af9779a92a13ff7c6af5c81ea8c7b,SOHZUAA12A6701F116,3
a2679496cd0af9779a92a13ff7c6af5c81ea8c7b,SOHZYMC12AB017EEED,7
a2679496cd0af9779a92a13ff7c6af5c81ea8c7b,SOIBLKQ12AB0183E85,4
a2679496cd0af9779a92a13ff7c6af5c81ea8c7b,SOICTBA12AB018D1AE,2
a2679496cd0af9779a92a13ff7c6af5c81ea8c7b,SOIDDNJ12AC9071B90,10
a2679496cd0af9779a92a13ff7c6af5c81ea8c7b,SOIIOUS12A8AE47E20,3
a2679496cd0af9779a92a13ff7c6af5c81ea8c7b,SOIIYYX12A58A7BF1F,4
a2679496cd0af9779a92a13ff7c6af5c81ea8c7b,SOILFUU12AB017C75F,4
a2679496cd0af9779a92a13ff7c6af5c81ea8c7b,SOIMREX12A6D4F99FE,2
a2679496cd0af9779a92a13ff7c6af5c81ea8c7b,SOIPYPB12A8C1360D4,4
a2679496cd0af9779a92a13ff7c6af5c81ea8c7b,SOIQXJH12A8AE46CF6,3
a2679496cd0af9779a92a13ff7c6af5c81ea8c7b,SOISNSU12AC468C0D8,10
a2679496cd0af9779a92a13ff7c6af5c81ea8c7b,SOIUHFO12A67AD954B,3
a2679496cd0af9779a92a13ff7c6af5c81ea8c7b,SOIUJLL12A8C13F676,6
a2679496cd0af9779a92a13ff7c6af5c81ea8c7b,SOIXKRK12A8C140BD1,13
a2679496cd0af9779a92a13ff7c6af5c81ea8c7b,SOIYIMC12AC9097E45,4
a2679496cd0af9779a92a13ff7c6af5c81ea8c7b,SOIZFTE12AB0186842,55
a2679496cd0af9779a92a13ff7c6af5c81ea8c7b,SOIZLKI12A6D4F7B61,12
a2679496cd0af9779a92a13ff7c6af5c81ea8c7b,SOJEOBI12A67020189,2
a2679496cd0af9779a92a13ff7c6af5c81ea8c7b,SOJGSIO12A8C141DBF,1
a2679496cd0af9779a92a13ff7c6af5c81ea8c7b,SOJGZXL12A6D4F2980,1
a2679496cd0af9779a92a13ff7c6af5c81ea8c7b,SOJKQSF12A6D4F5EE9,2
a2679496cd0af9779a92a13ff7c6af5c81ea8c7b,SOJMREO12A8AE46A65,55
a2679496cd0af9779a92a13ff7c6af5c81ea8c7b,SOJOIKI12AB0187525,1
a2679496cd0af9779a92a13ff7c6af5c81ea8c7b,SOJPLOV12A6D4F654E,1
a2679496cd0af9779a92a13ff7c6af5c81ea8c7b,SOJSBDW12A58A7CC54,5
a2679496cd0af9779a92a13ff7c6af5c81ea8c7b,SOJSTYO12A8C13F200,4
a2679496cd0af9779a92a13ff7c6af5c81ea8c7b,SOJSXJY12A8C13E32E,44
a2679496cd0af9779a92a13ff7c6af5c81ea8c7b,SOJTLHS12A8C13F633,11
a2679496cd0af9779a92a13ff7c6af5c81ea8c7b,SOJTLUY12A58A7D1E3,1
a2679496cd0af9779a92a13ff7c6af5c81ea8c7b,SOJUXGA12AC961885C,5
a2679496cd0af9779a92a13ff7c6af5c81ea8c7b,SOJZXJQ12A6310F132,10
a2679496cd0af9779a92a13ff7c6af5c81ea8c7b,SOKCOGO12A6D4F80EC,2
a2679496cd0af9779a92a13ff7c6af5c81ea8c7b,SOKDPMJ12A8C130578,68
a2679496cd0af9779a92a13ff7c6af5c81ea8c7b,SOKFOBM12A58A7C64F,1
a2679496cd0af9779a92a13ff7c6af5c81ea8c7b,SOKLRPJ12A8C13C3FE,27
a2679496cd0af9779a92a13ff7c6af5c81ea8c7b,SOKMHKY12AF72AB079,5
a2679496cd0af9779a92a13ff7c6af5c81ea8c7b,SOKOTYF12A8C13F2E7,2
a2679496cd0af9779a92a13ff7c6af5c81ea8c7b,SOKOXWU12AF72AD1BC,9
a2679496cd0af9779a92a13ff7c6af5c81ea8c7b,SOKRAMY12A8C140804,4
a2679496cd0af9779a92a13ff7c6af5c81ea8c7b,SOKSLXL12A8C13F0D7,4
a2679496cd0af9779a92a13ff7c6af5c81ea8c7b,SOKSMZU12AB01867E9,6
a2679496cd0af9779a92a13ff7c6af5c81ea8c7b,SOKSQYH12AB018A1C4,2
a2679496cd0af9779a92a13ff7c6af5c81ea8c7b,SOKUAGP12A8C133B94,8
a2679496cd0af9779a92a13ff7c6af5c81ea8c7b,SOKUPAO12AB018D576,16
a2679496cd0af9779a92a13ff7c6af5c81ea8c7b,SOKUTUM12A6701D9CD,4
a2679496cd0af9779a92a13ff7c6af5c81ea8c7b,SOKVZHI12A58A7A13E,3
a2679496cd0af9779a92a13ff7c6af5c81ea8c7b,SOKWOAE12AB0186BEB,31
a2679496cd0af9779a92a13ff7c6af5c81ea8c7b,SOKXZOK12AB01815D5,13
a2679496cd0af9779a92a13ff7c6af5c81ea8c7b,SOLAUOW12A8C13A400,1
a2679496cd0af9779a92a13ff7c6af5c81ea8c7b,SOLCJYI12A8C1340FA,6
a2679496cd0af9779a92a13ff7c6af5c81ea8c7b,SOLCKAS12A8C14242A,2
a2679496cd0af9779a92a13ff7c6af5c81ea8c7b,SOLDUYB12A67020910,5
a2679496cd0af9779a92a13ff7c6af5c81ea8c7b,SOLFUOL12A8C14193C,8
a2679496cd0af9779a92a13ff7c6af5c81ea8c7b,SOLFXKT12AB017E3E0,18
a2679496cd0af9779a92a13ff7c6af5c81ea8c7b,SOLGLUC12AB018A8FA,46
a2679496cd0af9779a92a13ff7c6af5c81ea8c7b,SOLGNBX12AF72A7737,2
a2679496cd0af9779a92a13ff7c6af5c81ea8c7b,SOLGPOU12A58A7EA20,32
a2679496cd0af9779a92a13ff7c6af5c81ea8c7b,SOLGZMY12A58A7A6DD,5
a2679496cd0af9779a92a13ff7c6af5c81ea8c7b,SOLIICC12AF72A64FB,35
a2679496cd0af9779a92a13ff7c6af5c81ea8c7b,SOLJWIQ12A6D4FA875,2
a2679496cd0af9779a92a13ff7c6af5c81ea8c7b,SOLKBYP12A58A789EE,20
a2679496cd0af9779a92a13ff7c6af5c81ea8c7b,SOLLNTU12A6701CFDC,9
a2679496cd0af9779a92a13ff7c6af5c81ea8c7b,SOLMARC12A8C13FC61,15
a2679496cd0af9779a92a13ff7c6af5c81ea8c7b,SOLPDTL12A67020F16,1
a2679496cd0af9779a92a13ff7c6af5c81ea8c7b,SOLPRXX12A8C13335B,5
a2679496cd0af9779a92a13ff7c6af5c81ea8c7b,SOLQRCE12A6D4F8381,4
a2679496cd0af9779a92a13ff7c6af5c81ea8c7b,SOLRGNF12AB0187CF4,10
a2679496cd0af9779a92a13ff7c6af5c81ea8c7b,SOLRGVL12A8C143BC3,19
a2679496cd0af9779a92a13ff7c6af5c81ea8c7b,SOLUHHS12A58A81A6B,22
a2679496cd0af9779a92a13ff7c6af5c81ea8c7b,SOLWAHM12AB018EBC8,49
a2679496cd0af9779a92a13ff7c6af5c81ea8c7b,SOLWBLI12A6D4F8780,1
a2679496cd0af9779a92a13ff7c6af5c81ea8c7b,SOLWHSJ12A67AE227B,4
a2679496cd0af9779a92a13ff7c6af5c81ea8c7b,SOLWZVR12AB01849C6,10
a2679496cd0af9779a92a13ff7c6af5c81ea8c7b,SOLYCOX12A8C1466E8,8
a2679496cd0af9779a92a13ff7c6af5c81ea8c7b,SOLZECT12AB0188E52,2
a2679496cd0af9779a92a13ff7c6af5c81ea8c7b,SOLZEED12A6D4FA8C9,5
a2679496cd0af9779a92a13ff7c6af5c81ea8c7b,SOMCAFM12A58A7B024,29
a2679496cd0af9779a92a13ff7c6af5c81ea8c7b,SOMCMKG12A8C1347BF,37
a2679496cd0af9779a92a13ff7c6af5c81ea8c7b,SOMCYXR12AB01897B4,41
a2679496cd0af9779a92a13ff7c6af5c81ea8c7b,SOMGIYR12AB0187973,25
a2679496cd0af9779a92a13ff7c6af5c81ea8c7b,SOMGVYU12A8C1314FF,47
a2679496cd0af9779a92a13ff7c6af5c81ea8c7b,SOMHQSN12A8C1418BB,46
a2679496cd0af9779a92a13ff7c6af5c81ea8c7b,SOMIHYA12AB018DD37,75
a2679496cd0af9779a92a13ff7c6af5c81ea8c7b,SOMJWPP12A6D4F8506,2
a2679496cd0af9779a92a13ff7c6af5c81ea8c7b,SOMMONH12A6D4F41CD,33
a2679496cd0af9779a92a13ff7c6af5c81ea8c7b,SOMMUKQ12AB01801A5,2
a2679496cd0af9779a92a13ff7c6af5c81ea8c7b,SOMMYNX12A58A7D9A6,30
a2679496cd0af9779a92a13ff7c6af5c81ea8c7b,SOMNTMT12A8C1400F6,21
a2679496cd0af9779a92a13ff7c6af5c81ea8c7b,SOMNXML12A6D4F8386,2
a2679496cd0af9779a92a13ff7c6af5c81ea8c7b,SOMOFOP12AB01825DD,5
a2679496cd0af9779a92a13ff7c6af5c81ea8c7b,SOMRFAN12AB017DB8A,5
a2679496cd0af9779a92a13ff7c6af5c81ea8c7b,SOMRMKA12AF72A0867,12
a2679496cd0af9779a92a13ff7c6af5c81ea8c7b,SOMRYYN12A6310F0F3,4
a2679496cd0af9779a92a13ff7c6af5c81ea8c7b,SOMTEGI12B34F1C789,1
a2679496cd0af9779a92a13ff7c6af5c81ea8c7b,SOMXDDL12A6D4F97DE,1
a2679496cd0af9779a92a13ff7c6af5c81ea8c7b,SOMYXWV12A8C14232E,6
a2679496cd0af9779a92a13ff7c6af5c81ea8c7b,SOMZPFR12AB0186DD7,18
a2679496cd0af9779a92a13ff7c6af5c81ea8c7b,SONBGIP12AB0185E74,3
a2679496cd0af9779a92a13ff7c6af5c81ea8c7b,SONEJIJ12AB0185727,1
a2679496cd0af9779a92a13ff7c6af5c81ea8c7b,SONEWAX12AB018DD3F,159
a2679496cd0af9779a92a13ff7c6af5c81ea8c7b,SONFNJO12A8C136FD2,4
a2679496cd0af9779a92a13ff7c6af5c81ea8c7b,SONGNHO12AB0183915,2
a2679496cd0af9779a92a13ff7c6af5c81ea8c7b,SONGTTS12A6701E59A,22
a2679496cd0af9779a92a13ff7c6af5c81ea8c7b,SONHMZA12AF72AC2E1,3
a2679496cd0af9779a92a13ff7c6af5c81ea8c7b,SONHVVE12AB018D038,24
a2679496cd0af9779a92a13ff7c6af5c81ea8c7b,SONHWUN12AC468C014,36
a2679496cd0af9779a92a13ff7c6af5c81ea8c7b,SONIQRE12AF72A2B02,12
a2679496cd0af9779a92a13ff7c6af5c81ea8c7b,SONLUQI12A6D4FABFA,2
a2679496cd0af9779a92a13ff7c6af5c81ea8c7b,SONMGWT12A8C137538,5
a2679496cd0af9779a92a13ff7c6af5c81ea8c7b,SONMWXV12AB01803B4,20
a2679496cd0af9779a92a13ff7c6af5c81ea8c7b,SONNDOT12AC468C9C5,22
a2679496cd0af9779a92a13ff7c6af5c81ea8c7b,SONNEDV12A8C139990,4
a2679496cd0af9779a92a13ff7c6af5c81ea8c7b,SONNSYV12A8C146BEC,6
a2679496cd0af9779a92a13ff7c6af5c81ea8c7b,SONOSAZ12A8C13D452,7
a2679496cd0af9779a92a13ff7c6af5c81ea8c7b,SONOYIB12A81C1F88C,13
a2679496cd0af9779a92a13ff7c6af5c81ea8c7b,SONQCXC12A6D4F6A37,50
a2679496cd0af9779a92a13ff7c6af5c81ea8c7b,SONQGQE12A670209BC,2
a2679496cd0af9779a92a13ff7c6af5c81ea8c7b,SONQMIN12A81C21E5C,6
a2679496cd0af9779a92a13ff7c6af5c81ea8c7b,SONQTMK12AB01819D8,21
a2679496cd0af9779a92a13ff7c6af5c81ea8c7b,SONTFRJ12A58A7EEC6,19
a2679496cd0af9779a92a13ff7c6af5c81ea8c7b,SONYKOW12AB01849C9,23
a2679496cd0af9779a92a13ff7c6af5c81ea8c7b,SOODZZZ12A6D4F7567,3
a2679496cd0af9779a92a13ff7c6af5c81ea8c7b,SOOECND12A8C13A0EA,1
a2679496cd0af9779a92a13ff7c6af5c81ea8c7b,SOOEGCA12A6D4F8B80,2
a2679496cd0af9779a92a13ff7c6af5c81ea8c7b,SOOFYTN12A6D4F9B35,41
a2679496cd0af9779a92a13ff7c6af5c81ea8c7b,SOOGBWC12A8C140B96,19
a2679496cd0af9779a92a13ff7c6af5c81ea8c7b,SOOGNOZ12AAF3B2936,12
a2679496cd0af9779a92a13ff7c6af5c81ea8c7b,SOOIGSX12A8C1415F3,4
a2679496cd0af9779a92a13ff7c6af5c81ea8c7b,SOOJJCT12A6310E1C0,9
a2679496cd0af9779a92a13ff7c6af5c81ea8c7b,SOOKXFS12AB0180721,8
a2679496cd0af9779a92a13ff7c6af5c81ea8c7b,SOOLULU12A6701FBC4,3
a2679496cd0af9779a92a13ff7c6af5c81ea8c7b,SOOMEMR12A58A78159,15
a2679496cd0af9779a92a13ff7c6af5c81ea8c7b,SOOMVIQ12A3F1EA127,15
a2679496cd0af9779a92a13ff7c6af5c81ea8c7b,SOONACR12AB0180172,1
a2679496cd0af9779a92a13ff7c6af5c81ea8c7b,SOONUTJ12A6701D7B4,8
a2679496cd0af9779a92a13ff7c6af5c81ea8c7b,SOOQFQE12AB0180901,6
a2679496cd0af9779a92a13ff7c6af5c81ea8c7b,SOORKSW12AB017D896,1
a2679496cd0af9779a92a13ff7c6af5c81ea8c7b,SOOUNYA12AF72A5397,1
a2679496cd0af9779a92a13ff7c6af5c81ea8c7b,SOOWVNN12A8C140775,5
a2679496cd0af9779a92a13ff7c6af5c81ea8c7b,SOOXDIJ12A6D4FDE33,114
a2679496cd0af9779a92a13ff7c6af5c81ea8c7b,SOOXZWB12A6D4F50F4,1
a2679496cd0af9779a92a13ff7c6af5c81ea8c7b,SOOYDAZ12A58A7AE08,4
a2679496cd0af9779a92a13ff7c6af5c81ea8c7b,SOPAHGI12AB018E064,12
a2679496cd0af9779a92a13ff7c6af5c81ea8c7b,SOPAYPV12AB017DB0C,9
a2679496cd0af9779a92a13ff7c6af5c81ea8c7b,SOPCLSY12A8C13E413,3
a2679496cd0af9779a92a13ff7c6af5c81ea8c7b,SOPCTBB12AF72A1B64,4
a2679496cd0af9779a92a13ff7c6af5c81ea8c7b,SOPDRWC12A8C141DDE,12
a2679496cd0af9779a92a13ff7c6af5c81ea8c7b,SOPDVTD12A8C13618B,2
a2679496cd0af9779a92a13ff7c6af5c81ea8c7b,SOPEOGA12AB017B694,3
a2679496cd0af9779a92a13ff7c6af5c81ea8c7b,SOPGCOH12A8C139789,7
a2679496cd0af9779a92a13ff7c6af5c81ea8c7b,SOPHBRE12A8C142825,5
a2679496cd0af9779a92a13ff7c6af5c81ea8c7b,SOPIEIJ12A6D4F8F81,4
a2679496cd0af9779a92a13ff7c6af5c81ea8c7b,SOPJLFV12A6701C797,2
a2679496cd0af9779a92a13ff7c6af5c81ea8c7b,SOPKPFW12A6D4F84BC,7
a2679496cd0af9779a92a13ff7c6af5c81ea8c7b,SOPMDSY12AF72A0C6F,12
a2679496cd0af9779a92a13ff7c6af5c81ea8c7b,SOPPROJ12AB0184E18,17
a2679496cd0af9779a92a13ff7c6af5c81ea8c7b,SOPQLBY12A6310E992,14
a2679496cd0af9779a92a13ff7c6af5c81ea8c7b,SOPREHY12AB01815F9,2
a2679496cd0af9779a92a13ff7c6af5c81ea8c7b,SOPRFNT12AB017F8E9,1
a2679496cd0af9779a92a13ff7c6af5c81ea8c7b,SOPSOHT12A67AE0235,49
a2679496cd0af9779a92a13ff7c6af5c81ea8c7b,SOPTLQL12AB018D56F,21
a2679496cd0af9779a92a13ff7c6af5c81ea8c7b,SOPUCYA12A8C13A694,56
a2679496cd0af9779a92a13ff7c6af5c81ea8c7b,SOPVQLJ12A67AE2281,7
a2679496cd0af9779a92a13ff7c6af5c81ea8c7b,SOPWKOX12A8C139D43,6
a2679496cd0af9779a92a13ff7c6af5c81ea8c7b,SOPWLLY12AB0183DB8,2
a2679496cd0af9779a92a13ff7c6af5c81ea8c7b,SOPXKYD12A6D4FA876,11
a2679496cd0af9779a92a13ff7c6af5c81ea8c7b,SOPZAUC12A58A7DB24,1
a2679496cd0af9779a92a13ff7c6af5c81ea8c7b,SOQBMFK12A8C13835B,1
a2679496cd0af9779a92a13ff7c6af5c81ea8c7b,SOQCBWP12AB017F805,9
a2679496cd0af9779a92a13ff7c6af5c81ea8c7b,SOQCGHN12AB0181246,39
a2679496cd0af9779a92a13ff7c6af5c81ea8c7b,SOQDMKM12A58A7A9B2,11
a2679496cd0af9779a92a13ff7c6af5c81ea8c7b,SOQFEDG12AB018DD24,25
a2679496cd0af9779a92a13ff7c6af5c81ea8c7b,SOQGLFX12A8C141C69,20
a2679496cd0af9779a92a13ff7c6af5c81ea8c7b,SOQGSUC12A8C13B66D,20
a2679496cd0af9779a92a13ff7c6af5c81ea8c7b,SOQGVCS12AF72A078D,8
a2679496cd0af9779a92a13ff7c6af5c81ea8c7b,SOQHWMN12A6701E2D9,1
a2679496cd0af9779a92a13ff7c6af5c81ea8c7b,SOQJLTG12AAA8C665D,1
a2679496cd0af9779a92a13ff7c6af5c81ea8c7b,SOQLUTQ12A8AE48037,4
a2679496cd0af9779a92a13ff7c6af5c81ea8c7b,SOQNOAF12A8151AB86,2
a2679496cd0af9779a92a13ff7c6af5c81ea8c7b,SOQNRFZ12AB017F899,3
a2679496cd0af9779a92a13ff7c6af5c81ea8c7b,SOQPCVN12AF729FB85,2
a2679496cd0af9779a92a13ff7c6af5c81ea8c7b,SOQQGBB12A6D4FCE33,1
a2679496cd0af9779a92a13ff7c6af5c81ea8c7b,SOQQQMM12A6310DFCC,30
a2679496cd0af9779a92a13ff7c6af5c81ea8c7b,SOQTHZW12A8C1400F8,9
a2679496cd0af9779a92a13ff7c6af5c81ea8c7b,SOQUCVI12A6D4FC6A1,4
a2679496cd0af9779a92a13ff7c6af5c81ea8c7b,SOQWYAQ12A6D4FB9A3,10
a2679496cd0af9779a92a13ff7c6af5c81ea8c7b,SOQXKUV12A6D4FB4C9,2
a2679496cd0af9779a92a13ff7c6af5c81ea8c7b,SOQZYQH12A8AE468E5,23
a2679496cd0af9779a92a13ff7c6af5c81ea8c7b,SORALYQ12A8151BA99,5
a2679496cd0af9779a92a13ff7c6af5c81ea8c7b,SORBBFV12AB017D710,4
a2679496cd0af9779a92a13ff7c6af5c81ea8c7b,SORBFSM12A8C13FEF4,7
a2679496cd0af9779a92a13ff7c6af5c81ea8c7b,SORFYZX12AB017DB8C,11
a2679496cd0af9779a92a13ff7c6af5c81ea8c7b,SORGKYF12A8C143966,2
a2679496cd0af9779a92a13ff7c6af5c81ea8c7b,SORJICW12A8C13640D,31
a2679496cd0af9779a92a13ff7c6af5c81ea8c7b,SORNCHR12A6D4F6322,2
a2679496cd0af9779a92a13ff7c6af5c81ea8c7b,SORNZQX12A58A771FD,2
a2679496cd0af9779a92a13ff7c6af5c81ea8c7b,SORRIMC12A8C137ADF,1
a2679496cd0af9779a92a13ff7c6af5c81ea8c7b,SORWLTW12A670208FA,4
a2679496cd0af9779a92a13ff7c6af5c81ea8c7b,SOSBGZJ12A8C134285,11
a2679496cd0af9779a92a13ff7c6af5c81ea8c7b,SOSBNIU12AB017CFEB,121
a2679496cd0af9779a92a13ff7c6af5c81ea8c7b,SOSCIZP12AB0181D2F,15
a2679496cd0af9779a92a13ff7c6af5c81ea8c7b,SOSEKZA12A8C13FF24,2
a2679496cd0af9779a92a13ff7c6af5c81ea8c7b,SOSFGBT12A8C132D50,5
a2679496cd0af9779a92a13ff7c6af5c81ea8c7b,SOSGUSR12AF729C3C1,4
a2679496cd0af9779a92a13ff7c6af5c81ea8c7b,SOSGYBL12A8C134C0B,4
a2679496cd0af9779a92a13ff7c6af5c81ea8c7b,SOSJFDH12A8C143096,1
a2679496cd0af9779a92a13ff7c6af5c81ea8c7b,SOSJRJP12A6D4F826F,35
a2679496cd0af9779a92a13ff7c6af5c81ea8c7b,SOSJSSU12A6D4F8F41,22
a2679496cd0af9779a92a13ff7c6af5c81ea8c7b,SOSLQQJ12AB017BDCC,1
a2679496cd0af9779a92a13ff7c6af5c81ea8c7b,SOSMMZJ12A6D4FBF22,51
a2679496cd0af9779a92a13ff7c6af5c81ea8c7b,SOSNQQX12AF729C44C,3
a2679496cd0af9779a92a13ff7c6af5c81ea8c7b,SOSPXWA12AB0181875,9
a2679496cd0af9779a92a13ff7c6af5c81ea8c7b,SOSQIHH12A8C13370B,2
a2679496cd0af9779a92a13ff7c6af5c81ea8c7b,SOSRIHB12A8C13608B,1
a2679496cd0af9779a92a13ff7c6af5c81ea8c7b,SOSROFB12AAF3B4C5D,7
a2679496cd0af9779a92a13ff7c6af5c81ea8c7b,SOSSRHI12AB0189611,4
a2679496cd0af9779a92a13ff7c6af5c81ea8c7b,SOSUUQF12A6D4F8B2A,6
a2679496cd0af9779a92a13ff7c6af5c81ea8c7b,SOSVPIE12A6D4FA873,4
a2679496cd0af9779a92a13ff7c6af5c81ea8c7b,SOSVQNK12AC468D6BE,10
a2679496cd0af9779a92a13ff7c6af5c81ea8c7b,SOSWWEU12AC9097E4C,2
a2679496cd0af9779a92a13ff7c6af5c81ea8c7b,SOSXLTC12AF72A7F54,73
a2679496cd0af9779a92a13ff7c6af5c81ea8c7b,SOSYOHI12A8C144584,9
a2679496cd0af9779a92a13ff7c6af5c81ea8c7b,SOSZJFV12AB01878CB,13
a2679496cd0af9779a92a13ff7c6af5c81ea8c7b,SOTASGN12AC9075A8F,5
a2679496cd0af9779a92a13ff7c6af5c81ea8c7b,SOTCMDJ12A6D4F8528,67
a2679496cd0af9779a92a13ff7c6af5c81ea8c7b,SOTEGWG12AB01897AC,8
a2679496cd0af9779a92a13ff7c6af5c81ea8c7b,SOTFFRI12AB0188953,21
a2679496cd0af9779a92a13ff7c6af5c81ea8c7b,SOTGKTG12AB0189D2E,3
a2679496cd0af9779a92a13ff7c6af5c81ea8c7b,SOTGWWO12A8C13E806,6
a2679496cd0af9779a92a13ff7c6af5c81ea8c7b,SOTHABI12A58A7DACB,3
a2679496cd0af9779a92a13ff7c6af5c81ea8c7b,SOTJQZN12AF72AA288,3
a2679496cd0af9779a92a13ff7c6af5c81ea8c7b,SOTKJIZ12A6D4F733A,13
a2679496cd0af9779a92a13ff7c6af5c81ea8c7b,SOTKYBW12A8C13C3EA,5
a2679496cd0af9779a92a13ff7c6af5c81ea8c7b,SOTUARP12A8C13CB54,6
a2679496cd0af9779a92a13ff7c6af5c81ea8c7b,SOTVJEN12A8C13B064,20
a2679496cd0af9779a92a13ff7c6af5c81ea8c7b,SOTVLQY12A58A798C2,20
a2679496cd0af9779a92a13ff7c6af5c81ea8c7b,SOTWCDE12AB018909C,2
a2679496cd0af9779a92a13ff7c6af5c81ea8c7b,SOTWNDJ12A8C143984,17
a2679496cd0af9779a92a13ff7c6af5c81ea8c7b,SOTWSXL12A8C143349,15
a2679496cd0af9779a92a13ff7c6af5c81ea8c7b,SOTXBED12A6310F233,4
a2679496cd0af9779a92a13ff7c6af5c81ea8c7b,SOTXDCY12AF729A39B,1
a2679496cd0af9779a92a13ff7c6af5c81ea8c7b,SOTYJZR12A6D4F6A3E,3
a2679496cd0af9779a92a13ff7c6af5c81ea8c7b,SOUCHPA12AB0184B1A,2
a2679496cd0af9779a92a13ff7c6af5c81ea8c7b,SOUCKDH12A8C138FF5,2
a2679496cd0af9779a92a13ff7c6af5c81ea8c7b,SOUCMUI12AB018C0C6,2
a2679496cd0af9779a92a13ff7c6af5c81ea8c7b,SOUCPBK12A58A7881A,3
a2679496cd0af9779a92a13ff7c6af5c81ea8c7b,SOUDBWL12A6D4F8155,6
a2679496cd0af9779a92a13ff7c6af5c81ea8c7b,SOUDLVN12AAFF43658,40
a2679496cd0af9779a92a13ff7c6af5c81ea8c7b,SOUERVX12A8C13E9BD,4
a2679496cd0af9779a92a13ff7c6af5c81ea8c7b,SOUFPNI12A8C142D19,46
a2679496cd0af9779a92a13ff7c6af5c81ea8c7b,SOUFTBI12AB0183F65,33
a2679496cd0af9779a92a13ff7c6af5c81ea8c7b,SOUGCDK12AC95F075F,5
a2679496cd0af9779a92a13ff7c6af5c81ea8c7b,SOUGOHW12AB018AEA3,35
a2679496cd0af9779a92a13ff7c6af5c81ea8c7b,SOUHKIY12A8C140458,23
a2679496cd0af9779a92a13ff7c6af5c81ea8c7b,SOUHOGQ12A6D4F8379,2
a2679496cd0af9779a92a13ff7c6af5c81ea8c7b,SOUINTM12AB01840DF,58
a2679496cd0af9779a92a13ff7c6af5c81ea8c7b,SOUJVIT12A8C1451C1,12
a2679496cd0af9779a92a13ff7c6af5c81ea8c7b,SOUKJBT12A6701C4D6,3
a2679496cd0af9779a92a13ff7c6af5c81ea8c7b,SOUKXIN12A8C133C7F,2
a2679496cd0af9779a92a13ff7c6af5c81ea8c7b,SOULHTS12A6D4FAE9C,2
a2679496cd0af9779a92a13ff7c6af5c81ea8c7b,SOULTKQ12AB018A183,15
a2679496cd0af9779a92a13ff7c6af5c81ea8c7b,SOUMWTG12A8C138407,2
a2679496cd0af9779a92a13ff7c6af5c81ea8c7b,SOUNJIO12AB0181339,40
a2679496cd0af9779a92a13ff7c6af5c81ea8c7b,SOUNZHU12A8AE47481,30
a2679496cd0af9779a92a13ff7c6af5c81ea8c7b,SOUOEMP12A8C13866E,7
a2679496cd0af9779a92a13ff7c6af5c81ea8c7b,SOUOPLF12AB017F40F,3
a2679496cd0af9779a92a13ff7c6af5c81ea8c7b,SOUOTLX12A6D4FA186,1
a2679496cd0af9779a92a13ff7c6af5c81ea8c7b,SOUSMXX12AB0185C24,19
a2679496cd0af9779a92a13ff7c6af5c81ea8c7b,SOUSZSW12AB01800C2,6
a2679496cd0af9779a92a13ff7c6af5c81ea8c7b,SOUVTSM12AC468F6A7,18
a2679496cd0af9779a92a13ff7c6af5c81ea8c7b,SOUWBLM12A8C1353D7,2
a2679496cd0af9779a92a13ff7c6af5c81ea8c7b,SOVBQOM12A8C137B16,2
a2679496cd0af9779a92a13ff7c6af5c81ea8c7b,SOVBRCP12A6701D7B5,6
a2679496cd0af9779a92a13ff7c6af5c81ea8c7b,SOVDLZN12AB0185BEA,10
a2679496cd0af9779a92a13ff7c6af5c81ea8c7b,SOVDYZE12A58A7AA62,10
a2679496cd0af9779a92a13ff7c6af5c81ea8c7b,SOVHKJL12AB017E2B2,40
a2679496cd0af9779a92a13ff7c6af5c81ea8c7b,SOVHUFT12AAA15FD32,9
a2679496cd0af9779a92a13ff7c6af5c81ea8c7b,SOVIYKB12A6D4F936B,1
a2679496cd0af9779a92a13ff7c6af5c81ea8c7b,SOVIZNF12AF72A710A,68
a2679496cd0af9779a92a13ff7c6af5c81ea8c7b,SOVOOSP12A6310F1AC,12
a2679496cd0af9779a92a13ff7c6af5c81ea8c7b,SOVRTPN12AB0184F9E,3
a2679496cd0af9779a92a13ff7c6af5c81ea8c7b,SOVVEKM12A8C13520F,2
a2679496cd0af9779a92a13ff7c6af5c81ea8c7b,SOVWADY12AB0189C63,12
a2679496cd0af9779a92a13ff7c6af5c81ea8c7b,SOVWBYM12A6D4F8A22,15
a2679496cd0af9779a92a13ff7c6af5c81ea8c7b,SOVWEZD12A6310D876,1
a2679496cd0af9779a92a13ff7c6af5c81ea8c7b,SOVXBOT12A8C136816,2
a2679496cd0af9779a92a13ff7c6af5c81ea8c7b,SOVYDUN12A670209BD,5
a2679496cd0af9779a92a13ff7c6af5c81ea8c7b,SOVYNVS12AC3DF64AB,2
a2679496cd0af9779a92a13ff7c6af5c81ea8c7b,SOWBNGK12A8C143932,1
a2679496cd0af9779a92a13ff7c6af5c81ea8c7b,SOWCBKV12AC90732A6,21
a2679496cd0af9779a92a13ff7c6af5c81ea8c7b,SOWCJCS12A6310D875,4
a2679496cd0af9779a92a13ff7c6af5c81ea8c7b,SOWCKVR12A8C142411,25
a2679496cd0af9779a92a13ff7c6af5c81ea8c7b,SOWEHOM12A6BD4E09E,29
a2679496cd0af9779a92a13ff7c6af5c81ea8c7b,SOWEIYC12AB01853B4,7
a2679496cd0af9779a92a13ff7c6af5c81ea8c7b,SOWEJXA12A6701C574,14
a2679496cd0af9779a92a13ff7c6af5c81ea8c7b,SOWFTHD12A58A7B838,8
a2679496cd0af9779a92a13ff7c6af5c81ea8c7b,SOWGCMN12A8C136E44,4
a2679496cd0af9779a92a13ff7c6af5c81ea8c7b,SOWGIBZ12A8C136A2E,3
a2679496cd0af9779a92a13ff7c6af5c81ea8c7b,SOWGODA12A6BD5315A,21
a2679496cd0af9779a92a13ff7c6af5c81ea8c7b,SOWGXOP12A6701E93A,12
a2679496cd0af9779a92a13ff7c6af5c81ea8c7b,SOWKQYL12AB0183B15,26
a2679496cd0af9779a92a13ff7c6af5c81ea8c7b,SOWNSFT12A8C138C12,4
a2679496cd0af9779a92a13ff7c6af5c81ea8c7b,SOWNVJP12A58A761AA,2
a2679496cd0af9779a92a13ff7c6af5c81ea8c7b,SOWOMMY127F8096DF9,7
a2679496cd0af9779a92a13ff7c6af5c81ea8c7b,SOWOXGY12AB018178B,16
a2679496cd0af9779a92a13ff7c6af5c81ea8c7b,SOWPASM12A8C142B88,12
a2679496cd0af9779a92a13ff7c6af5c81ea8c7b,SOWRREB12A6D4FA7CB,19
a2679496cd0af9779a92a13ff7c6af5c81ea8c7b,SOWRTJD12A8C132704,4
a2679496cd0af9779a92a13ff7c6af5c81ea8c7b,SOWUEQA12A8151BA81,5
a2679496cd0af9779a92a13ff7c6af5c81ea8c7b,SOWULFH12A81C225EA,46
a2679496cd0af9779a92a13ff7c6af5c81ea8c7b,SOWVBDQ12A8C13503D,4
a2679496cd0af9779a92a13ff7c6af5c81ea8c7b,SOWYYUQ12A6701D68D,11
a2679496cd0af9779a92a13ff7c6af5c81ea8c7b,SOXAQJS12AB018CBF7,3
a2679496cd0af9779a92a13ff7c6af5c81ea8c7b,SOXDJEK12A8C13D248,3
a2679496cd0af9779a92a13ff7c6af5c81ea8c7b,SOXFPND12AB017C9D1,14
a2679496cd0af9779a92a13ff7c6af5c81ea8c7b,SOXGQEM12AB0181D35,10
a2679496cd0af9779a92a13ff7c6af5c81ea8c7b,SOXJYJM12A6310D7C1,1
a2679496cd0af9779a92a13ff7c6af5c81ea8c7b,SOXKFRI12A8C137A5F,5
a2679496cd0af9779a92a13ff7c6af5c81ea8c7b,SOXLKNJ12A58A7E09A,9
a2679496cd0af9779a92a13ff7c6af5c81ea8c7b,SOXLOQG12AF72A2D55,25
a2679496cd0af9779a92a13ff7c6af5c81ea8c7b,SOXNCNQ12A67ADE66F,1
a2679496cd0af9779a92a13ff7c6af5c81ea8c7b,SOXNZOW12AB017F756,8
a2679496cd0af9779a92a13ff7c6af5c81ea8c7b,SOXNZUH12AB018393F,23
a2679496cd0af9779a92a13ff7c6af5c81ea8c7b,SOXOBFN12A58A788BD,16
a2679496cd0af9779a92a13ff7c6af5c81ea8c7b,SOXONIW12A8C1390D8,3
a2679496cd0af9779a92a13ff7c6af5c81ea8c7b,SOXPFLM12A8AE48C50,20
a2679496cd0af9779a92a13ff7c6af5c81ea8c7b,SOXQROF12AB0186B1D,6
a2679496cd0af9779a92a13ff7c6af5c81ea8c7b,SOXQYSC12A6310E908,31
a2679496cd0af9779a92a13ff7c6af5c81ea8c7b,SOXRJNQ12A8AE491FB,1
a2679496cd0af9779a92a13ff7c6af5c81ea8c7b,SOXVVSM12A8C142224,5
a2679496cd0af9779a92a13ff7c6af5c81ea8c7b,SOXWYZP12AF72A42A6,42
a2679496cd0af9779a92a13ff7c6af5c81ea8c7b,SOXZOMB12AB017DA15,1
a2679496cd0af9779a92a13ff7c6af5c81ea8c7b,SOXZSEH12AC468CABB,1
a2679496cd0af9779a92a13ff7c6af5c81ea8c7b,SOYABSZ12A81C1FEAC,7
a2679496cd0af9779a92a13ff7c6af5c81ea8c7b,SOYAEBR12AB01853D9,1
a2679496cd0af9779a92a13ff7c6af5c81ea8c7b,SOYDTRQ12AF72A3D61,1
a2679496cd0af9779a92a13ff7c6af5c81ea8c7b,SOYEPOJ12A58A7BAE0,4
a2679496cd0af9779a92a13ff7c6af5c81ea8c7b,SOYEQWP12A8C138125,20
a2679496cd0af9779a92a13ff7c6af5c81ea8c7b,SOYGHOJ12A6701FFBA,10
a2679496cd0af9779a92a13ff7c6af5c81ea8c7b,SOYGHUM12AB018139C,7
a2679496cd0af9779a92a13ff7c6af5c81ea8c7b,SOYGKNI12AB0187E6E,18
a2679496cd0af9779a92a13ff7c6af5c81ea8c7b,SOYHHCO12AB01891DA,6
a2679496cd0af9779a92a13ff7c6af5c81ea8c7b,SOYIBFQ12A6701C628,1
a2679496cd0af9779a92a13ff7c6af5c81ea8c7b,SOYJDRA12AB017F30D,3
a2679496cd0af9779a92a13ff7c6af5c81ea8c7b,SOYMFBN12A582917B7,8
a2679496cd0af9779a92a13ff7c6af5c81ea8c7b,SOYMIMI12AB0181E5C,5
a2679496cd0af9779a92a13ff7c6af5c81ea8c7b,SOYNJCS12A67ADE35F,23
a2679496cd0af9779a92a13ff7c6af5c81ea8c7b,SOYNVEE12AF72A49EE,3
a2679496cd0af9779a92a13ff7c6af5c81ea8c7b,SOYSADG12A8AE47F2C,50
a2679496cd0af9779a92a13ff7c6af5c81ea8c7b,SOYVFTH12A67020868,39
a2679496cd0af9779a92a13ff7c6af5c81ea8c7b,SOYXVVS12A6D4F7DA7,1
a2679496cd0af9779a92a13ff7c6af5c81ea8c7b,SOYYNFE12A8C13CD00,1
a2679496cd0af9779a92a13ff7c6af5c81ea8c7b,SOZARJQ12A6D4F66CE,2
a2679496cd0af9779a92a13ff7c6af5c81ea8c7b,SOZCDWG12A6D4F81E1,51
a2679496cd0af9779a92a13ff7c6af5c81ea8c7b,SOZDGEW12A8C13E748,2
a2679496cd0af9779a92a13ff7c6af5c81ea8c7b,SOZEBAZ12AF72A80C8,8
a2679496cd0af9779a92a13ff7c6af5c81ea8c7b,SOZEETS12AC9071BD3,6
a2679496cd0af9779a92a13ff7c6af5c81ea8c7b,SOZFQCZ12AB0188669,15
a2679496cd0af9779a92a13ff7c6af5c81ea8c7b,SOZGFYU12AB0186CF9,4
a2679496cd0af9779a92a13ff7c6af5c81ea8c7b,SOZILLP12A6D4FBCA7,6
a2679496cd0af9779a92a13ff7c6af5c81ea8c7b,SOZJPFX12A6D4F7280,4
a2679496cd0af9779a92a13ff7c6af5c81ea8c7b,SOZMRNN12AB018038A,7
a2679496cd0af9779a92a13ff7c6af5c81ea8c7b,SOZQUGG12A58A7D785,35
a2679496cd0af9779a92a13ff7c6af5c81ea8c7b,SOZUPDR12A8C137FB6,11
a2679496cd0af9779a92a13ff7c6af5c81ea8c7b,SOZVCRW12A67ADA0B7,5
a2679496cd0af9779a92a13ff7c6af5c81ea8c7b,SOZVTRJ12A8C14308B,9
a2679496cd0af9779a92a13ff7c6af5c81ea8c7b,SOZVUCT12A8C1424BE,5
a2679496cd0af9779a92a13ff7c6af5c81ea8c7b,SOZVVRE12A8C143150,22
a2679496cd0af9779a92a13ff7c6af5c81ea8c7b,SOZXKIA12A6D4F861C,2
